{"chatrooms":{"items":[{"id":"17f8f8ef-f99b-36e2-8e64-a66585032647","createdBy":"141fbfae-511e-6817-c9f0-48993a7547d1","isPrivate":true,"lastMessage":{"id":"77e12c3e-b7a2-42f8-9de5-205ec91ebdfa","chatroomId":"17f8f8ef-f99b-36e2-8e64-a66585032647","messageType":"message","messageTypeVersion":1,"sender":{"type":"user","userId":"875f9142-dc3d-45bf-a21a-205e7c8e4b10"},"createdAt":1683697673921,"sequence":1683697673921984,"pluginName":null,"data":[{"mimeType":"text/plain","data":{"type":null,"fileName":null,"uri":null,"text":"hello","width":null,"height":null,"cta":null,"mediaProvider":null,"mediaFileId":null,"fileSize":null}}],"templateData":null,"summary":"hello","visibleBy":"EVERYONE","senderDisplayData":{"name":"Aarohi Shah","image":{"url":"https://gravatar.com/avatar/a86d91bd0ec2a318bb1a7c4748679d9?d=blank"},"initials":"AS","fullName":{"firstName":"Aarohi","lastName":"Shah"}},"isEphemeral":false,"isSilent":false,"isAutomated":false,"badges":[],"distribution":null,"metadata":null,"deliveryMethods":["Chat"],"originMethod":null,"title":null,"appId":null},"unreadCount":0,"lastReadMessageSequence":1683697673921984,"displayData":{"name":"RICH DANCE INDIA","image":{"url":"https://static.wixstatic.com/media/875f91_f447472106514c54a77122cf14b790d1~mv2.jpg"},"initials":"RD","type":"instanceId","id":"07959408-c16e-4ff3-b2e6-0d6a368e662f","fullName":null},"clientReference":"9d7cd425-f108-4452-b5d3-ed1c2dcdb56b","clientReferenceType":"contactId","pluginName":"Engage","participantCount":2,"sortRank":1683697673921984,"offlineChannels":{"channels":[]},"lastMessages":[{"id":"77e12c3e-b7a2-42f8-9de5-205ec91ebdfa","chatroomId":"17f8f8ef-f99b-36e2-8e64-a66585032647","messageType":"message","messageTypeVersion":1,"sender":{"type":"user","userId":"875f9142-dc3d-45bf-a21a-205e7c8e4b10"},"createdAt":1683697673921,"sequence":1683697673921984,"pluginName":null,"data":[{"mimeType":"text/plain","data":{"type":null,"fileName":null,"uri":null,"text":"hello","width":null,"height":null,"cta":null,"mediaProvider":null,"mediaFileId":null,"fileSize":null}}],"templateData":null,"summary":"hello","visibleBy":"EVERYONE","senderDisplayData":{"name":"Aarohi Shah","image":{"url":"https://gravatar.com/avatar/a86d91bd0ec2a318bb1a7c4748679d9?d=blank"},"initials":"AS","fullName":{"firstName":"Aarohi","lastName":"Shah"}},"isEphemeral":false,"isSilent":false,"isAutomated":false,"badges":[],"distribution":null,"metadata":null,"deliveryMethods":["Chat"],"originMethod":null,"title":null,"appId":null},{"id":"debd8a97-f582-4a2a-a3ec-45f9949f28b6","chatroomId":"17f8f8ef-f99b-36e2-8e64-a66585032647","messageType":"message","messageTypeVersion":1,"sender":{"type":"user","userId":"875f9142-dc3d-45bf-a21a-205e7c8e4b10"},"createdAt":1683697648530,"sequence":1683697648530470,"pluginName":"Engage","data":[{"mimeType":"text/plain","data":{"type":null,"fileName":null,"uri":null,"text":"Thanks for reaching out \uD83D\uDCAC. We’ll be right with you.","width":null,"height":null,"cta":null,"mediaProvider":null,"mediaFileId":null,"fileSize":null}}],"templateData":null,"summary":"Thanks for reaching out \uD83D\uDCAC. We’ll be right with you.","visibleBy":"EVERYONE","senderDisplayData":{"name":"Aarohi Shah","image":{"url":"https://gravatar.com/avatar/a86d91bd0ec2a318bb1a7c4748679d9?d=blank"},"initials":"AS","fullName":{"firstName":"Aarohi","lastName":"Shah"}},"isEphemeral":true,"isSilent":true,"isAutomated":false,"badges":[],"distribution":null,"metadata":null,"deliveryMethods":[],"originMethod":null,"title":null,"appId":null},{"id":"3f116104-ca88-4dd3-aefe-1bd2a05a1af4","chatroomId":"17f8f8ef-f99b-36e2-8e64-a66585032647","messageType":"message","messageTypeVersion":1,"sender":{"type":"contact","userId":"9d7cd425-f108-4452-b5d3-ed1c2dcdb56b"},"createdAt":1683697645671,"sequence":1683697645671027,"pluginName":null,"data":[{"mimeType":"text/plain","data":{"type":null,"fileName":null,"uri":null,"text":"hello","width":null,"height":null,"cta":null,"mediaProvider":null,"mediaFileId":null,"fileSize":null}}],"templateData":null,"summary":"hello","visibleBy":"EVERYONE","senderDisplayData":{"name":"Nivedika","image":null,"initials":"NI","fullName":{"firstName":"Nivedika","lastName":null}},"isEphemeral":false,"isSilent":false,"isAutomated":false,"badges":[],"distribution":null,"metadata":null,"deliveryMethods":[],"originMethod":null,"title":null,"appId":"14517e1a-3ff0-af98-408e-2bd6953c36a2"},{"id":"1e672b01-f0ad-4651-892f-f5bb94c06ce5","chatroomId":"17f8f8ef-f99b-36e2-8e64-a66585032647","messageType":"template/custom","messageTypeVersion":1,"sender":{"type":"user","userId":"875f9142-dc3d-45bf-a21a-205e7c8e4b10"},"createdAt":1683697389075,"sequence":1683697389075881,"pluginName":"Engage","data":[],"templateData":{"severity":null,"image":null,"title":null,"lines":null,"buttons":null,"orientation":null,"text":null,"fields":null,"appName":"lead-capture-form","appData":{"thankYouMessage":"Thanks! Message us here.","introText":"Hey there, please leave your details so we can contact you even if you are no longer on the site.","fields":"[{\"type\":\"name\"},{\"type\":\"email\"},{\"type\":\"message\"}]","isMandatory":"false"},"link":null,"icon":null},"summary":"Sent lead capture form","visibleBy":"EVERYONE","senderDisplayData":{"name":"Aarohi Shah","image":{"url":"https://gravatar.com/avatar/a86d91bd0ec2a318bb1a7c4748679d9?d=blank"},"initials":"AS","fullName":{"firstName":"Aarohi","lastName":"Shah"}},"isEphemeral":true,"isSilent":true,"isAutomated":true,"badges":[],"distribution":null,"metadata":null,"deliveryMethods":[],"originMethod":null,"title":null,"appId":null},{"id":"53ada990-379b-4aae-bce4-6f7fca2df55a","chatroomId":"17f8f8ef-f99b-36e2-8e64-a66585032647","messageType":"message","messageTypeVersion":1,"sender":{"type":"user","userId":"875f9142-dc3d-45bf-a21a-205e7c8e4b10"},"createdAt":1683697383943,"sequence":1683697383943022,"pluginName":"Engage","data":[{"mimeType":"text/plain","data":{"type":null,"fileName":null,"uri":null,"text":"Thanks for reaching out \uD83D\uDCAC. We’ll be right with you.","width":null,"height":null,"cta":null,"mediaProvider":null,"mediaFileId":null,"fileSize":null}}],"templateData":null,"summary":"Thanks for reaching out \uD83D\uDCAC. We’ll be right with you.","visibleBy":"EVERYONE","senderDisplayData":{"name":"Aarohi Shah","image":{"url":"https://gravatar.com/avatar/a86d91bd0ec2a318bb1a7c4748679d9?d=blank"},"initials":"AS","fullName":{"firstName":"Aarohi","lastName":"Shah"}},"isEphemeral":true,"isSilent":true,"isAutomated":false,"badges":[],"distribution":null,"metadata":null,"deliveryMethods":[],"originMethod":null,"title":null,"appId":null},{"id":"44107551-d665-4af0-83a9-8e1f04569b9d","chatroomId":"17f8f8ef-f99b-36e2-8e64-a66585032647","messageType":"message","messageTypeVersion":1,"sender":{"type":"user","userId":"875f9142-dc3d-45bf-a21a-205e7c8e4b10"},"createdAt":1683697383041,"sequence":1683697383041456,"pluginName":null,"data":[{"mimeType":"text/plain","data":{"type":null,"fileName":null,"uri":null,"text":"Rich Dance India offers classes of various styles and genres of choreography at each instructor's discretion. You can learn Hip-Hop, bollywood, Classical, Kpop, etc.","width":null,"height":null,"cta":null,"mediaProvider":null,"mediaFileId":null,"fileSize":null}}],"templateData":null,"summary":"Rich Dance India offers classes of various styles and genres of choreography at each instructor's discretion. You can learn Hip-Hop, bollywood, Classical, Kpop, etc.","visibleBy":"EVERYONE","senderDisplayData":{"name":"Aarohi Shah","image":{"url":"https://gravatar.com/avatar/a86d91bd0ec2a318bb1a7c4748679d9?d=blank"},"initials":"AS","fullName":{"firstName":"Aarohi","lastName":"Shah"}},"isEphemeral":true,"isSilent":true,"isAutomated":true,"badges":[],"distribution":null,"metadata":null,"deliveryMethods":[],"originMethod":null,"title":null,"appId":"21eaa91c-2228-4109-b129-fcc552ff1332"},{"id":"5c869b7b-5c59-47d0-8341-20353b1544db","chatroomId":"17f8f8ef-f99b-36e2-8e64-a66585032647","messageType":"message","messageTypeVersion":1,"sender":{"type":"contact","userId":"9d7cd425-f108-4452-b5d3-ed1c2dcdb56b"},"createdAt":1683697382692,"sequence":1683697382692664,"pluginName":null,"data":[{"mimeType":"text/plain","data":{"type":null,"fileName":null,"uri":null,"text":"Which dance styles I can learn in Rich Dance studio?","width":null,"height":null,"cta":null,"mediaProvider":null,"mediaFileId":null,"fileSize":null}}],"templateData":null,"summary":"Which dance styles I can learn in Rich Dance studio?","visibleBy":"EVERYONE","senderDisplayData":{"name":"Nivedika","image":null,"initials":"NI","fullName":{"firstName":"Nivedika","lastName":null}},"isEphemeral":true,"isSilent":true,"isAutomated":false,"badges":[],"distribution":null,"metadata":null,"deliveryMethods":[],"originMethod":null,"title":null,"appId":"14517e1a-3ff0-af98-408e-2bd6953c36a2"},{"id":"4a3afebb-d34f-4676-8a6d-c2d3897fb0a1","chatroomId":"17f8f8ef-f99b-36e2-8e64-a66585032647","messageType":"template/standard-event","messageTypeVersion":1,"sender":{"type":"user","userId":"875f9142-dc3d-45bf-a21a-205e7c8e4b10"},"createdAt":1683697369941,"sequence":1683697369941726,"pluginName":null,"data":[],"templateData":{"severity":null,"image":null,"title":null,"lines":["Hey there \uD83D\uDC4B! Click a question to instantly get an answer."],"buttons":[{"text":"Which dance styles I can learn in Rich Dance studio?","cta":null,"type":"POSTBACK","payload":{"appId":"21eaa91c-2228-4109-b129-fcc552ff1332","interactionId":"230dfa46-4a19-4b6a-acd3-6cf82b0d8840"}},{"text":"Where is the Rich Dance Studio?","cta":null,"type":"POSTBACK","payload":{"appId":"21eaa91c-2228-4109-b129-fcc552ff1332","interactionId":"c65bf0b5-2fa4-496c-bb19-78baa0994e89"}},{"text":"How do I take class?","cta":null,"type":"POSTBACK","payload":{"appId":"21eaa91c-2228-4109-b129-fcc552ff1332","interactionId":"cd11c0d5-2d19-4c3c-9bda-271f609ed5d7"}},{"text":"Are Rich Dance classes open to everyone?","cta":null,"type":"POSTBACK","payload":{"appId":"21eaa91c-2228-4109-b129-fcc552ff1332","interactionId":"dc54ac27-fae2-404d-b403-344aa5817eb1"}}],"orientation":"portrait","text":null,"fields":null,"appName":null,"appData":null,"link":null,"icon":null},"summary":"FAQ menu sent","visibleBy":"EVERYONE","senderDisplayData":{"name":"Aarohi Shah","image":{"url":"https://gravatar.com/avatar/a86d91bd0ec2a318bb1a7c4748679d9?d=blank"},"initials":"AS","fullName":{"firstName":"Aarohi","lastName":"Shah"}},"isEphemeral":true,"isSilent":true,"isAutomated":true,"badges":[],"distribution":null,"metadata":null,"deliveryMethods":[],"originMethod":null,"title":null,"appId":"21eaa91c-2228-4109-b129-fcc552ff1332"},{"id":"90eebc20-b5b7-48d7-9410-047809198c59","chatroomId":"17f8f8ef-f99b-36e2-8e64-a66585032647","messageType":"message","messageTypeVersion":1,"sender":{"type":"user","userId":"875f9142-dc3d-45bf-a21a-205e7c8e4b10"},"createdAt":1683697113101,"sequence":1683697113101513,"pluginName":"Engage","data":[{"mimeType":"text/plain","data":{"type":null,"fileName":null,"uri":null,"text":"Hi there \uD83D\uDC4B! Welcome to the Rich Dance Studio. Let me know if you have any questions.","width":null,"height":null,"cta":null,"mediaProvider":null,"mediaFileId":null,"fileSize":null}}],"templateData":null,"summary":"Hi there \uD83D\uDC4B! Welcome to the Rich Dance Studio. Let me know if you have any questions.","visibleBy":"EVERYONE","senderDisplayData":{"name":"Aarohi Shah","image":{"url":"https://gravatar.com/avatar/a86d91bd0ec2a318bb1a7c4748679d9?d=blank"},"initials":"AS","fullName":{"firstName":"Aarohi","lastName":"Shah"}},"isEphemeral":true,"isSilent":true,"isAutomated":false,"badges":[],"distribution":null,"metadata":null,"deliveryMethods":[],"originMethod":null,"title":null,"appId":null},{"id":"b3e287f1-8746-4b4d-9957-7967034ba5a3","chatroomId":"17f8f8ef-f99b-36e2-8e64-a66585032647","messageType":"message","messageTypeVersion":1,"sender":{"type":"user","userId":"875f9142-dc3d-45bf-a21a-205e7c8e4b10"},"createdAt":1683382852279,"sequence":1683382852279763,"pluginName":"Engage","data":[{"mimeType":"text/plain","data":{"type":null,"fileName":null,"uri":null,"text":"Hi there \uD83D\uDC4B! Welcome to the Rich Dance Studio. Let me know if you have any questions.","width":null,"height":null,"cta":null,"mediaProvider":null,"mediaFileId":null,"fileSize":null}}],"templateData":null,"summary":"Hi there \uD83D\uDC4B! Welcome to the Rich Dance Studio. Let me know if you have any questions.","visibleBy":"EVERYONE","senderDisplayData":{"name":"Aarohi Shah","image":{"url":"https://gravatar.com/avatar/a86d91bd0ec2a318bb1a7c4748679d9?d=blank"},"initials":"AS","fullName":{"firstName":"Aarohi","lastName":"Shah"}},"isEphemeral":true,"isSilent":true,"isAutomated":false,"badges":[],"distribution":null,"metadata":null,"deliveryMethods":[],"originMethod":null,"title":null,"appId":null}],"lastMessagesPointer":{"before":1683382852279763,"since":null},"isArchived":false,"isTemporary":false,"createdAt":1683106991139,"participantId":"9d7cd425-f108-4452-b5d3-ed1c2dcdb56b","businessContext":{"id":"07959408-c16e-4ff3-b2e6-0d6a368e662f","name":"RICH DANCE INDIA"},"lastSeenMessageSequence":0,"labelIds":[]}],"next":null},"unreadChatroomCount":0,"unreadChatroomIds":[]}